{"cameraMode":{"drawMode":0,"name":"Shaded","section":"Shading Mode"},"sceneLighting":true,"audioPlay":false,"sceneViewState":{"m_AlwaysRefresh":false,"showFog":true,"showSkybox":true,"showFlares":true,"showImageEffects":true,"showParticleSystems":true,"showVisualEffectGraphs":true,"m_FxEnabled":true},"in2DMode":false,"pivot":{"x":-0.034972503781318668,"y":1.3443902730941773,"z":52.14396286010742},"rotation":{"x":-0.29513537883758547,"y":-0.1730346381664276,"z":0.05443844944238663,"w":-0.938088059425354},"size":0.663500189781189,"orthographic":false}