{"cameraMode":{"drawMode":0,"name":"Shaded","section":"Shading Mode"},"sceneLighting":true,"audioPlay":false,"sceneViewState":{"m_AlwaysRefresh":false,"showFog":true,"showSkybox":true,"showFlares":true,"showImageEffects":true,"showParticleSystems":true,"showVisualEffectGraphs":true,"m_FxEnabled":true},"in2DMode":false,"pivot":{"x":1.7361236810684205,"y":0.4496335983276367,"z":66.99862670898438},"rotation":{"x":0.2185576856136322,"y":0.1286798119544983,"z":-0.029093947261571885,"w":0.9668775796890259},"size":0.7669431567192078,"orthographic":false}